[{"name":"Inez Barron","district":"42","borough":"Brooklyn","political_party":"Democrat"},{"name":"Fernando Cabrera","district":"14","borough":"Bronx","political_party":"Democrat"},{"name":"Margaret Chin","district":"1","borough":"Manhattan","political_party":"Democrat"},{"name":"Andrew Cohen","district":"11","borough":"Bronx","political_party":"Democrat"},{"name":"Robert Cornegy","district":"36","borough":"Brooklyn","political_party":"Democrat"},{"name":"Costa Constantinides","district":"22","borough":"Queens","political_party":"Democrat"},{"name":"Robert Holden","district":"30","borough":"Queens","political_party":"Democrat"},{"name":"Laurie Cumbo","district":"35","borough":"Brooklyn","political_party":"Democrat"},{"name":"Chaim M. Deutsch","district":"48","borough":"Brooklyn","political_party":"Democrat"},{"name":"Daniel Dromm","district":"25","borough":"Queens","political_party":"Democrat"},{"name":"Rafael Espinal","district":"37","borough":"Brooklyn","political_party":"Democrat"},{"name":"Mathieu Eugene","district":"40","borough":"Brooklyn","political_party":"Democrat"},{"name":"Keith Powers","district":"4","borough":"Manhattan","political_party":"Democrat"},{"name":"Justin Brannan","district":"43","borough":"Brooklyn","political_party":"Democrat"},{"name":"Vanessa L Gibson","district":"16","borough":"Bronx","political_party":"Democrat"},{"name":"Kalman Yeger","district":"44","borough":"Brooklyn","political_party":"Democrat"},{"name":"Corey Johnson","district":"3","borough":"Manhattan","political_party":"Democrat"},{"name":"Andy King","district":"12","borough":"Bronx","political_party":"Democrat"},{"name":"Ben Kallos","district":"5","borough":"Manhattan","political_party":"Democrat"},{"name":"Peter Koo","district":"20","borough":"Queens","political_party":"Democrat"},{"name":"Karen Koslowitz","district":"29","borough":"Queens","political_party":"Democrat"},{"name":"Rory Lancman","district":"24","borough":"Queens","political_party":"Democrat"},{"name":"Brad Lander","district":"39","borough":"Brooklyn","political_party":"Democrat"},{"name":"Stephen Levin","district":"33","borough":"Brooklyn","political_party":"Democrat"},{"name":"Mark Levine","district":"7","borough":"Manhattan","political_party":"Democrat"},{"name":"Alan Maisel","district":"46","borough":"Brooklyn","political_party":"Democrat"},{"name":"Diana Ayala","district":"8","borough":"Manhattan and Bronx","political_party":"Democrat"},{"name":"Steven Matteo","district":"50","borough":"Staten Island","political_party":"Republican"},{"name":"Alicka Ampry-Samuel","district":"41","borough":"Brooklyn","political_party":"Democrat"},{"name":"Carlos Menchaca","district":"38","borough":"Brooklyn","political_party":"Democrat"},{"name":"Carlina Rivera","district":"2","borough":"Manhattan","political_party":"Democrat"},{"name":"I. Daneek Miller","district":"27","borough":"Queens","political_party":"Democrat"},{"name":"Ruben Diaz, Sr.","district":"18","borough":"Bronx","political_party":"Democrat"},{"name":"Donovan Richards","district":"31","borough":"Queens","political_party":"Democrat"},{"name":"Ydanis Rodriguez","district":"10","borough":"Manhattan","political_party":"Democrat"},{"name":"Deborah Rose","district":"49","borough":"Staten Island","political_party":"Democrat"},{"name":"Helen Rosenthal","district":"6","borough":"Manhattan","political_party":"Democrat"},{"name":"Ritchie Torres","district":"15","borough":"Bronx","political_party":"Democrat"},{"name":"Mark Treyger","district":"47","borough":"Brooklyn","political_party":"Democrat"},{"name":"Eric Ulrich","district":"32","borough":"Queens","political_party":"Republican"},{"name":"Mark Gjonaj","district":"13","borough":"Bronx","political_party":"Democrat"},{"name":"Paul Vallone","district":"19","borough":"Queens","political_party":"Democrat"},{"name":"Jimmy Van Bramer","district":"26","borough":"Queens","political_party":"Democrat"},{"name":"Farah Louis","district":"45","borough":"Brooklyn","political_party":"Democrat"},{"name":"Francisco Moya","district":"21","borough":"Queens","political_party":"Democrat"},{"name":"Adrienne Adams","district":"28","borough":"Queens"},{"name":"Joseph Borelli","district":"51","borough":"Staten Island","political_party":"Republican"},{"name":"Antonio Reynoso","district":"34","borough":"Brooklyn and Queens","political_party":"Democrat"},{"name":"Bill Perkins","district":"9","borough":"Manhattan","political_party":"Democrat"},{"name":"Barry Grodenchik","district":"23","borough":"Queens","political_party":"Democrat"},{"name":"Rafael Salamanca","district":"17","borough":"Bronx","political_party":"Democrat"}]